import pandas as pd
import numpy as np

np.random.seed(42)
n = 1000

df = pd.DataFrame({
    'employee_id': range(1, n+1),
    'shift_type': np.random.choice(['Day', 'Night'], size=n, p=[0.6, 0.4]),
    'age': np.random.randint(22, 60, size=n),
    'gender': np.random.choice(['Male', 'Female'], size=n),
    'hours_sleep': np.random.normal(7, 1.5, n),
    'sleep_quality': np.random.randint(1, 6, size=n),
    'stress_level': np.random.randint(1, 11, size=n),
    'productivity_score': np.random.randint(50, 101, size=n),
    'exercise_freq': np.random.choice(['Never', 'Rarely', 'Weekly', 'Daily'], size=n),
    'burnout_risk': np.random.choice([0, 1], size=n, p=[0.75, 0.25])
})
df.to_csv("shift_health_data.csv", index=False)
